{
  "mode": "maxabs",
  "clip_range": [
    -1.0,
    1.0
  ],
  "eps": 1e-08,
  "params": {
    "maxabs": [
      0.6144675612449646,
      0.6859762072563171,
      0.6786397099494934,
      0.5963538885116577,
      0.8294004797935486,
      0.7157078981399536,
      0.8103839755058289,
      0.7727065682411194,
      0.6350204944610596,
      0.6827066540718079,
      0.6977894902229309,
      0.6585274934768677,
      0.6354709267616272,
      0.6718475222587585,
      0.9297301173210144,
      0.7146520614624023,
      0.6284459233283997,
      0.6047131419181824,
      0.6060813665390015,
      0.6616279482841492,
      0.687252938747406,
      0.6103214621543884,
      0.8320515155792236,
      0.7873059511184692,
      0.7456000447273254,
      0.9464353919029236,
      0.6270334720611572,
      0.8700727224349976,
      0.5566405653953552,
      0.7166890501976013,
      0.6645667552947998,
      0.6901438236236572,
      0.6554684638977051,
      0.7011989951133728,
      0.6583185195922852,
      0.6671789288520813,
      0.6118806004524231,
      0.7178542613983154,
      0.6600021123886108,
      0.7264294624328613,
      0.9044737815856934,
      0.6165701746940613,
      0.8144387006759644,
      0.7581925988197327,
      0.8025684356689453,
      0.7663021087646484,
      0.7789751887321472,
      0.7072813510894775,
      0.7034564018249512,
      0.6658385992050171,
      0.8167997002601624,
      0.7232781052589417,
      0.6731345653533936,
      0.6717270016670227,
      0.7875159978866577,
      0.807610273361206,
      0.6249828338623047,
      0.5552862286567688,
      0.7183924913406372,
      0.7583903670310974,
      0.6631060838699341,
      0.6461576223373413,
      0.8265538215637207,
      0.7579658627510071,
      0.7343844175338745,
      0.7273567914962769,
      0.7299573421478271,
      0.591537594795227,
      0.6918793320655823,
      0.612083375453949,
      0.6750967502593994,
      0.8171189427375793,
      0.5986979603767395,
      0.6168214678764343,
      0.7102734446525574,
      0.7346718907356262,
      0.6360535025596619,
      0.966094434261322,
      0.6000876426696777,
      0.5688916444778442,
      0.6786352396011353,
      0.6777068972587585,
      0.823868453502655,
      0.788070023059845,
      0.7251321077346802,
      0.7629718780517578,
      0.9662451148033142,
      0.614433228969574,
      0.6965311169624329,
      0.6691074967384338,
      0.697921633720398,
      0.6116788387298584,
      0.6928061246871948,
      0.7037049531936646,
      0.6953561305999756,
      0.7608017325401306,
      0.6413414478302002,
      0.742089033126831,
      0.6921723484992981,
      0.7177742123603821,
      0.7115843892097473,
      0.6793290376663208,
      0.7543545365333557,
      0.8016309142112732,
      0.682780385017395,
      0.7102746367454529,
      0.6884070634841919,
      0.7156349420547485,
      0.6456900835037231,
      0.6340723037719727,
      0.8353006839752197,
      0.6462898850440979,
      0.6930728554725647,
      0.631696343421936,
      0.7019339203834534,
      0.6896151304244995,
      0.6785910725593567,
      0.6957855820655823,
      0.9074071049690247,
      0.6308186054229736,
      0.6824320554733276,
      0.7216802835464478,
      0.8940238952636719,
      0.7078568339347839,
      0.6555497050285339,
      0.7792491912841797,
      0.7231785655021667,
      0.8375107645988464,
      0.6462244391441345,
      0.7381551265716553,
      0.7342007160186768,
      0.7677307724952698,
      0.7265323996543884,
      0.7089179754257202,
      0.6672084331512451,
      0.7371318340301514,
      0.6528362035751343,
      0.7575764060020447,
      0.7693068385124207,
      0.8287835717201233,
      0.7302896976470947,
      0.6693665385246277,
      0.6464084386825562,
      0.7363846302032471,
      0.6852491497993469,
      0.678439736366272,
      0.6467720866203308,
      0.650947093963623,
      0.6782673001289368,
      0.7618607878684998,
      0.7135111093521118,
      0.7525745630264282,
      0.8224151134490967,
      0.7338437438011169,
      0.7554211616516113,
      0.7377856969833374,
      0.8134235739707947,
      0.7791371941566467,
      0.7339341044425964,
      0.6725188493728638,
      0.7549098134040833,
      0.6279796957969666,
      0.6704154014587402,
      0.7316918969154358,
      0.8122380971908569,
      0.7641828656196594,
      0.7945001125335693,
      0.6366738677024841,
      0.7521346807479858,
      0.8398132920265198,
      0.6427208781242371,
      0.7093704342842102,
      0.6204434633255005,
      0.8179624676704407,
      0.9215391874313354,
      0.6848497986793518,
      0.6580377221107483,
      0.7018947005271912,
      0.6221193671226501,
      0.7973317503929138,
      0.698581337928772,
      0.7665091753005981,
      0.9199150800704956,
      0.5923489332199097,
      0.7591279745101929,
      0.6720215082168579,
      0.6854795217514038,
      0.7818255424499512,
      0.669472873210907,
      0.7341474294662476,
      0.7650043964385986,
      0.8137643933296204,
      0.6379168033599854,
      0.6318957209587097,
      0.6989187002182007,
      0.7917487621307373,
      0.6544174551963806,
      0.6682822108268738,
      0.7572733163833618,
      0.998121976852417,
      0.6619400978088379,
      0.817031741142273,
      0.6685949563980103,
      0.7592496871948242,
      0.7633212804794312,
      0.7198764085769653,
      0.7326741218566895,
      0.7702699303627014,
      0.6592461466789246,
      0.6701637506484985,
      0.7943185567855835,
      0.6840270757675171,
      0.7092872858047485,
      0.6278512477874756,
      0.893212080001831,
      0.6102228760719299,
      0.8017634153366089,
      0.7987877130508423,
      0.6033145785331726,
      0.6884129047393799,
      0.8401685357093811,
      0.7979627251625061,
      0.8082477450370789,
      0.628692090511322,
      0.8050956726074219,
      0.725358784198761,
      0.7886502146720886,
      0.8546887040138245,
      0.7832058668136597,
      0.8701590895652771,
      0.7295594215393066,
      0.9729475975036621,
      0.7882583737373352,
      0.7141509056091309,
      0.7248712182044983,
      0.7084193825721741,
      0.8400124311447144,
      0.7841082215309143,
      0.7742472887039185,
      0.7727455496788025,
      0.8435484766960144,
      0.905726432800293,
      0.681799590587616,
      0.7172559499740601,
      0.6967672109603882,
      0.9135673642158508,
      0.6983378529548645,
      0.7929341793060303,
      0.6946720480918884,
      0.8375511169433594,
      0.6957839727401733,
      0.6974826455116272,
      0.8713371753692627,
      0.8376791477203369,
      0.9377001523971558,
      0.812465488910675,
      0.8618929982185364,
      0.709410548210144,
      0.7477936148643494,
      0.766379177570343,
      0.7269564270973206,
      0.7778744101524353,
      0.7014097571372986,
      0.6693410873413086,
      0.6780235171318054,
      0.7463504672050476,
      0.7562698721885681,
      0.7333639860153198,
      0.7300827503204346,
      0.8125793933868408,
      0.6786486506462097,
      0.7434280514717102,
      0.9223886728286743,
      0.7106030583381653,
      0.9665855765342712,
      0.8076136112213135,
      0.7180512547492981,
      0.7236492037773132,
      0.6490152478218079,
      0.7524756193161011,
      0.687651515007019,
      0.6880372762680054,
      0.7072993516921997,
      0.7359387278556824,
      0.8054876923561096,
      0.7982881665229797,
      0.7837453484535217,
      0.9053558707237244,
      0.7147283554077148,
      0.7015973329544067,
      0.9719722867012024,
      0.6728941798210144,
      0.6213241815567017,
      0.8453384041786194,
      0.7475496530532837,
      0.7444867491722107,
      0.7177854180335999,
      0.8272308707237244,
      0.7511919140815735,
      0.6964172720909119,
      0.7044297456741333,
      0.7591308951377869,
      0.798671543598175,
      0.7580699920654297,
